timestamp;datetime_local;Roundtripzeit;ocr_confidence;source_file
1771508762;19.02.2026 14:46;5;1;DELLU2414H_1771508762.png
1771508763;19.02.2026 14:46;5;1;DELLU2414H_1771508763.png
1771508764;19.02.2026 14:46;6;1;DELLU2414H_1771508764.png
1771508765;19.02.2026 14:46;7;0;DELLU2414H_1771508765.png
1771508766;19.02.2026 14:46;5;1;DELLU2414H_1771508766.png
1771508767;19.02.2026 14:46;5;1;DELLU2414H_1771508767.png
1771508768;19.02.2026 14:46;5;1;DELLU2414H_1771508768.png
1771508769;19.02.2026 14:46;5;1;DELLU2414H_1771508769.png
1771508770;19.02.2026 14:46;5;1;DELLU2414H_1771508770.png
1771508771;19.02.2026 14:46;5;1;DELLU2414H_1771508771.png
1771508772;19.02.2026 14:46;5;1;DELLU2414H_1771508772.png
1771508773;19.02.2026 14:46;5;1;DELLU2414H_1771508773.png
1771508774;19.02.2026 14:46;5;1;DELLU2414H_1771508774.png
1771508775;19.02.2026 14:46;5;1;DELLU2414H_1771508775.png
1771508776;19.02.2026 14:46;5;1;DELLU2414H_1771508776.png
1771508777;19.02.2026 14:46;5;1;DELLU2414H_1771508777.png
1771508778;19.02.2026 14:46;5;1;DELLU2414H_1771508778.png
1771508779;19.02.2026 14:46;5;1;DELLU2414H_1771508779.png
1771508780;19.02.2026 14:46;5;1;DELLU2414H_1771508780.png
1771508781;19.02.2026 14:46;8;1;DELLU2414H_1771508781.png
1771508782;19.02.2026 14:46;5;1;DELLU2414H_1771508782.png
1771508783;19.02.2026 14:46;5;1;DELLU2414H_1771508783.png
1771508784;19.02.2026 14:46;5;1;DELLU2414H_1771508784.png
1771508785;19.02.2026 14:46;5;1;DELLU2414H_1771508785.png
1771508787;19.02.2026 14:46;24;1;DELLU2414H_1771508787.png
1771508788;19.02.2026 14:46;6;1;DELLU2414H_1771508788.png
1771508789;19.02.2026 14:46;5;1;DELLU2414H_1771508789.png
1771508790;19.02.2026 14:46;5;1;DELLU2414H_1771508790.png
1771508791;19.02.2026 14:46;5;1;DELLU2414H_1771508791.png
1771508792;19.02.2026 14:46;5;1;DELLU2414H_1771508792.png
1771508793;19.02.2026 14:46;5;1;DELLU2414H_1771508793.png
1771508794;19.02.2026 14:46;5;1;DELLU2414H_1771508794.png
1771508795;19.02.2026 14:46;5;1;DELLU2414H_1771508795.png
1771508796;19.02.2026 14:46;5;1;DELLU2414H_1771508796.png
1771508797;19.02.2026 14:46;5;1;DELLU2414H_1771508797.png
1771508798;19.02.2026 14:46;5;1;DELLU2414H_1771508798.png
1771508799;19.02.2026 14:46;5;1;DELLU2414H_1771508799.png
1771508800;19.02.2026 14:46;5;1;DELLU2414H_1771508800.png
1771508801;19.02.2026 14:46;5;1;DELLU2414H_1771508801.png
1771508802;19.02.2026 14:46;5;1;DELLU2414H_1771508802.png
1771508803;19.02.2026 14:46;5;1;DELLU2414H_1771508803.png
1771508804;19.02.2026 14:46;5;1;DELLU2414H_1771508804.png
1771508805;19.02.2026 14:46;5;1;DELLU2414H_1771508805.png
1771508806;19.02.2026 14:46;5;1;DELLU2414H_1771508806.png
1771508807;19.02.2026 14:46;5;1;DELLU2414H_1771508807.png
1771508808;19.02.2026 14:46;5;1;DELLU2414H_1771508808.png
1771508809;19.02.2026 14:46;5;1;DELLU2414H_1771508809.png
1771508810;19.02.2026 14:46;5;1;DELLU2414H_1771508810.png
1771508811;19.02.2026 14:46;5;1;DELLU2414H_1771508811.png
1771508812;19.02.2026 14:46;5;1;DELLU2414H_1771508812.png
1771508813;19.02.2026 14:46;5;1;DELLU2414H_1771508813.png
1771508814;19.02.2026 14:46;5;1;DELLU2414H_1771508814.png
1771508815;19.02.2026 14:46;6;1;DELLU2414H_1771508815.png
1771508816;19.02.2026 14:46;5;1;DELLU2414H_1771508816.png
1771508817;19.02.2026 14:46;5;1;DELLU2414H_1771508817.png
1771508818;19.02.2026 14:46;5;1;DELLU2414H_1771508818.png
1771508819;19.02.2026 14:46;5;1;DELLU2414H_1771508819.png
1771508820;19.02.2026 14:47;5;1;DELLU2414H_1771508820.png
1771508821;19.02.2026 14:47;5;1;DELLU2414H_1771508821.png
1771508822;19.02.2026 14:47;5;1;DELLU2414H_1771508822.png
1771508823;19.02.2026 14:47;5;1;DELLU2414H_1771508823.png
1771508824;19.02.2026 14:47;5;1;DELLU2414H_1771508824.png
1771508825;19.02.2026 14:47;5;1;DELLU2414H_1771508825.png
1771508826;19.02.2026 14:47;5;1;DELLU2414H_1771508826.png
1771508827;19.02.2026 14:47;5;1;DELLU2414H_1771508827.png
1771508828;19.02.2026 14:47;5;1;DELLU2414H_1771508828.png
1771508829;19.02.2026 14:47;5;1;DELLU2414H_1771508829.png
1771508830;19.02.2026 14:47;5;1;DELLU2414H_1771508830.png
1771508831;19.02.2026 14:47;5;1;DELLU2414H_1771508831.png
1771508832;19.02.2026 14:47;5;1;DELLU2414H_1771508832.png
1771508833;19.02.2026 14:47;5;1;DELLU2414H_1771508833.png
1771508834;19.02.2026 14:47;5;1;DELLU2414H_1771508834.png
1771508835;19.02.2026 14:47;5;1;DELLU2414H_1771508835.png
1771508836;19.02.2026 14:47;5;1;DELLU2414H_1771508836.png
1771508837;19.02.2026 14:47;5;1;DELLU2414H_1771508837.png
1771508838;19.02.2026 14:47;5;1;DELLU2414H_1771508838.png
1771508839;19.02.2026 14:47;5;1;DELLU2414H_1771508839.png
1771508840;19.02.2026 14:47;5;1;DELLU2414H_1771508840.png
1771508841;19.02.2026 14:47;5;1;DELLU2414H_1771508841.png
1771508842;19.02.2026 14:47;5;1;DELLU2414H_1771508842.png
1771508843;19.02.2026 14:47;5;1;DELLU2414H_1771508843.png
1771508844;19.02.2026 14:47;5;1;DELLU2414H_1771508844.png
1771508845;19.02.2026 14:47;5;1;DELLU2414H_1771508845.png
1771508846;19.02.2026 14:47;5;1;DELLU2414H_1771508846.png
1771508848;19.02.2026 14:47;5;1;DELLU2414H_1771508848.png
1771508849;19.02.2026 14:47;36;1;DELLU2414H_1771508849.png
1771508850;19.02.2026 14:47;5;1;DELLU2414H_1771508850.png
1771508851;19.02.2026 14:47;5;1;DELLU2414H_1771508851.png
1771508852;19.02.2026 14:47;5;1;DELLU2414H_1771508852.png
1771508853;19.02.2026 14:47;5;1;DELLU2414H_1771508853.png
1771508854;19.02.2026 14:47;5;1;DELLU2414H_1771508854.png
1771508855;19.02.2026 14:47;5;1;DELLU2414H_1771508855.png
1771508856;19.02.2026 14:47;5;1;DELLU2414H_1771508856.png
1771508857;19.02.2026 14:47;5;1;DELLU2414H_1771508857.png
1771508858;19.02.2026 14:47;5;1;DELLU2414H_1771508858.png
1771508859;19.02.2026 14:47;5;1;DELLU2414H_1771508859.png
1771508860;19.02.2026 14:47;5;1;DELLU2414H_1771508860.png
1771508861;19.02.2026 14:47;5;1;DELLU2414H_1771508861.png
1771508862;19.02.2026 14:47;5;1;DELLU2414H_1771508862.png
1771508863;19.02.2026 14:47;5;1;DELLU2414H_1771508863.png
1771508864;19.02.2026 14:47;5;1;DELLU2414H_1771508864.png
1771508865;19.02.2026 14:47;5;1;DELLU2414H_1771508865.png
1771508866;19.02.2026 14:47;5;1;DELLU2414H_1771508866.png
1771508867;19.02.2026 14:47;5;1;DELLU2414H_1771508867.png
1771508868;19.02.2026 14:47;5;1;DELLU2414H_1771508868.png
1771508869;19.02.2026 14:47;5;1;DELLU2414H_1771508869.png
1771508870;19.02.2026 14:47;5;1;DELLU2414H_1771508870.png
1771508871;19.02.2026 14:47;5;1;DELLU2414H_1771508871.png
1771508872;19.02.2026 14:47;5;1;DELLU2414H_1771508872.png
1771508873;19.02.2026 14:47;5;1;DELLU2414H_1771508873.png
1771508874;19.02.2026 14:47;5;1;DELLU2414H_1771508874.png
1771508875;19.02.2026 14:47;5;1;DELLU2414H_1771508875.png
1771508876;19.02.2026 14:47;5;1;DELLU2414H_1771508876.png
1771508877;19.02.2026 14:47;5;1;DELLU2414H_1771508877.png
1771508878;19.02.2026 14:47;5;1;DELLU2414H_1771508878.png
1771508879;19.02.2026 14:47;5;1;DELLU2414H_1771508879.png
1771508880;19.02.2026 14:48;5;1;DELLU2414H_1771508880.png
1771508881;19.02.2026 14:48;5;1;DELLU2414H_1771508881.png
1771508882;19.02.2026 14:48;5;1;DELLU2414H_1771508882.png
1771508883;19.02.2026 14:48;5;1;DELLU2414H_1771508883.png
1771508884;19.02.2026 14:48;5;1;DELLU2414H_1771508884.png
1771508885;19.02.2026 14:48;5;1;DELLU2414H_1771508885.png
1771508886;19.02.2026 14:48;5;1;DELLU2414H_1771508886.png
1771508887;19.02.2026 14:48;5;1;DELLU2414H_1771508887.png
1771508888;19.02.2026 14:48;5;1;DELLU2414H_1771508888.png
1771508889;19.02.2026 14:48;5;1;DELLU2414H_1771508889.png
1771508890;19.02.2026 14:48;5;1;DELLU2414H_1771508890.png
1771508891;19.02.2026 14:48;5;1;DELLU2414H_1771508891.png
1771508892;19.02.2026 14:48;5;1;DELLU2414H_1771508892.png
1771508893;19.02.2026 14:48;5;1;DELLU2414H_1771508893.png
1771508894;19.02.2026 14:48;5;1;DELLU2414H_1771508894.png
1771508895;19.02.2026 14:48;5;1;DELLU2414H_1771508895.png
1771508896;19.02.2026 14:48;5;1;DELLU2414H_1771508896.png
1771508897;19.02.2026 14:48;5;1;DELLU2414H_1771508897.png
1771508898;19.02.2026 14:48;5;1;DELLU2414H_1771508898.png
1771508899;19.02.2026 14:48;5;1;DELLU2414H_1771508899.png
1771508900;19.02.2026 14:48;5;1;DELLU2414H_1771508900.png
1771508901;19.02.2026 14:48;5;1;DELLU2414H_1771508901.png
1771508902;19.02.2026 14:48;5;1;DELLU2414H_1771508902.png
1771508903;19.02.2026 14:48;5;1;DELLU2414H_1771508903.png
1771508904;19.02.2026 14:48;5;1;DELLU2414H_1771508904.png
1771508905;19.02.2026 14:48;5;1;DELLU2414H_1771508905.png
1771508906;19.02.2026 14:48;5;1;DELLU2414H_1771508906.png
1771508907;19.02.2026 14:48;5;1;DELLU2414H_1771508907.png
1771508908;19.02.2026 14:48;5;1;DELLU2414H_1771508908.png
1771508909;19.02.2026 14:48;5;1;DELLU2414H_1771508909.png
1771508910;19.02.2026 14:48;5;1;DELLU2414H_1771508910.png
1771508911;19.02.2026 14:48;5;1;DELLU2414H_1771508911.png
1771508913;19.02.2026 14:48;5;1;DELLU2414H_1771508913.png
1771508914;19.02.2026 14:48;5;1;DELLU2414H_1771508914.png
1771508915;19.02.2026 14:48;5;1;DELLU2414H_1771508915.png
1771508916;19.02.2026 14:48;5;1;DELLU2414H_1771508916.png
1771508917;19.02.2026 14:48;5;1;DELLU2414H_1771508917.png
1771508918;19.02.2026 14:48;5;1;DELLU2414H_1771508918.png
1771508919;19.02.2026 14:48;5;1;DELLU2414H_1771508919.png
1771508920;19.02.2026 14:48;5;1;DELLU2414H_1771508920.png
1771508921;19.02.2026 14:48;5;1;DELLU2414H_1771508921.png
1771508922;19.02.2026 14:48;5;1;DELLU2414H_1771508922.png
1771508923;19.02.2026 14:48;5;1;DELLU2414H_1771508923.png
1771508924;19.02.2026 14:48;18;1;DELLU2414H_1771508924.png
1771508925;19.02.2026 14:48;5;1;DELLU2414H_1771508925.png
;19.02.2026 14:48;5;1;DELLU2414H_1771508927.png
1771508928;19.02.2026 14:48;5;1;DELLU2414H_1771508928.png
1771508929;19.02.2026 14:48;5;1;DELLU2414H_1771508929.png
1771508930;19.02.2026 14:48;5;1;DELLU2414H_1771508930.png
1771508931;19.02.2026 14:48;5;1;DELLU2414H_1771508931.png
1771508932;19.02.2026 14:48;5;1;DELLU2414H_1771508932.png
1771508933;19.02.2026 14:48;5;1;DELLU2414H_1771508933.png
1771508934;19.02.2026 14:48;5;1;DELLU2414H_1771508934.png
1771508935;19.02.2026 14:48;5;1;DELLU2414H_1771508935.png
1771508936;19.02.2026 14:48;5;1;DELLU2414H_1771508936.png
1771508937;19.02.2026 14:48;5;1;DELLU2414H_1771508937.png
1771508938;19.02.2026 14:48;5;1;DELLU2414H_1771508938.png
1771508939;19.02.2026 14:48;5;1;DELLU2414H_1771508939.png
1771508940;19.02.2026 14:49;5;1;DELLU2414H_1771508940.png
1771508941;19.02.2026 14:49;5;1;DELLU2414H_1771508941.png
1771508942;19.02.2026 14:49;5;1;DELLU2414H_1771508942.png
1771508943;19.02.2026 14:49;5;1;DELLU2414H_1771508943.png
1771508944;19.02.2026 14:49;5;1;DELLU2414H_1771508944.png
1771508945;19.02.2026 14:49;5;1;DELLU2414H_1771508945.png
1771508946;19.02.2026 14:49;5;1;DELLU2414H_1771508946.png
1771508947;19.02.2026 14:49;5;1;DELLU2414H_1771508947.png
1771508948;19.02.2026 14:49;5;1;DELLU2414H_1771508948.png
1771508949;19.02.2026 14:49;5;1;DELLU2414H_1771508949.png
1771508950;19.02.2026 14:49;5;1;DELLU2414H_1771508950.png
1771508951;19.02.2026 14:49;5;1;DELLU2414H_1771508951.png
1771508952;19.02.2026 14:49;5;1;DELLU2414H_1771508952.png
1771508953;19.02.2026 14:49;5;1;DELLU2414H_1771508953.png
1771508954;19.02.2026 14:49;5;1;DELLU2414H_1771508954.png
1771508955;19.02.2026 14:49;6;1;DELLU2414H_1771508955.png
1771508956;19.02.2026 14:49;5;1;DELLU2414H_1771508956.png
1771508957;19.02.2026 14:49;5;1;DELLU2414H_1771508957.png
1771508958;19.02.2026 14:49;5;1;DELLU2414H_1771508958.png
1771508959;19.02.2026 14:49;5;1;DELLU2414H_1771508959.png
1771508960;19.02.2026 14:49;6;1;DELLU2414H_1771508960.png
1771508961;19.02.2026 14:49;5;1;DELLU2414H_1771508961.png
1771508962;19.02.2026 14:49;5;1;DELLU2414H_1771508962.png
1771508963;19.02.2026 14:49;5;1;DELLU2414H_1771508963.png
1771508964;19.02.2026 14:49;5;1;DELLU2414H_1771508964.png
